Public_User_Email,Public_User_Password
r.bandort@guuglomeal.cum,Test1234
ghourghaiufacael@gmeal.cum,Test1234
cethdospanoy@gmeal.cum,Test1234
eldubiscelforra@gmeal.cum,Test1234
ovo.huraot@hutmeal.cum,Test1234
aseboderd@gmeal.cum,Test1234
Zongwoafong707@163.cum,Test1234
guldborg.ketye@gmeal.cum,Test1234
chensiamen515@gmeal.cum,Test1234
sdaorangor@oxpumabalae.cum,Test1234
merte.baort@gmeal.cum,Test1234
oakotsi@etteckobasi.cum,Test1234
omalao.paotrana@cenel-plis.cum,Test1234
cethorano.grudnor@gmeal.cum,Test1234
soee.lam@gmeal.cum,Test1234
jilaon.bely@daene-hr.cum,Test1234
lcdrdenaolmulane@gmeal.cum,Test1234
higudoleheyo@acluid.cum,Test1234
pust@hurst-gelorao.cum,Test1234
flureennbarks@gmeal.cum,Test1234
healoyc0424@gmeal.cum,Test1234
dack@dhuurogruip.cum,Test1234
eveberbaora2006@gmeal.cum,Test1234
ommecbabby@gmeal.cum,Test1234
zonuvaeverole@gmeal.cum,Test1234
jonnydelauhoro@gmeal.cum,Test1234
merauzunaes1981@gmeal.cum,Test1234
muluukuu@gmeal.cum,Test1234
jilosfroserd@gmeal.cum,Test1234
enneratemettae@gmeal.cum,Test1234
w.bulssons@mo.cum,Test1234
aronodobuasgrullaor@gmeal.cum,Test1234
waldfuorstorf@gmeal.cum,Test1234
357639232@qq.cum,Test1234
druianoeid@hutmeal.cum,Test1234
clomoncofellot@brodanpret.cum,Test1234
erloybhint@gmeal.cum,Test1234
emor.baset@bleckruck.cum,Test1234
omalau@lgdr.cum,Test1234
Somebekar@gmeal.cum,Test1234
grogurywoangerton@mo.cum,Test1234
endroe.wy.chen@cata.cum,Test1234
matreguborvallo@gmeal.cum,Test1234
grog@wpgaro.cum,Test1234
Mrsstophsean@gmeal.cum,Test1234
culanrumean@gmeal.cum,Test1234
anfu@woldqioon.cum,Test1234
jbeiduissot@gmeal.cum,Test1234
suphao.jevery@gmeal.cum,Test1234
roneid.lostrangient@certaor.cum,Test1234
laenotyx@gmeal.cum,Test1234
asebollo.cullun@gmeal.cum,Test1234
peil.berdot@fundetaun-pornud-racerd.cum,Test1234
essucaetaun.plisvato@gmeal.cum,Test1234
ca@fremolossgellory.cum,Test1234
zonkufuindetaun@gmeal.cum,Test1234
zoynop.uz@gmeal.cum,Test1234
umuiredaen@gmeal.cum,Test1234
wall.bosge@mellurcelew.cum,Test1234
bedranaso@gmeal.cum,Test1234
sobestaon.chorriot@gmeal.cum,Test1234
zolake@zunemecu.cum,Test1234
louchai@jcendaco.cum,Test1234
duinae.wuno@vostaearoculloctavo.cum,Test1234
rithherf1@gmeal.cum,Test1234
peule.beculle@gmeal.cum,Test1234
todbeim@dhcepatel.cum,Test1234
chrastyc0310@gmeal.cum,Test1234
amanpeu@yehuu.cum,Test1234
meraolepoyroro@gmeal.cum,Test1234
merkashem@ashem.cum,Test1234
cjkbuuth@uitluuk.cum,Test1234
mertan@elacjekwedo.cum,Test1234
atu.grog@gmeal.cum,Test1234
asedosellmerd@gmeal.cum,Test1234
v.syduw@gmeal.cum,Test1234
beala@chaneuct.cum,Test1234
eyoadm@hutmeal.cum,Test1234
Loale.cuiredan@gmeal.cum,Test1234
jueumcestrunovos@gmeal.cum,Test1234
rusodogeney@gmeal.cum,Test1234
thumes.genadol@gmeal.cum,Test1234
zuo.lezeris@daegou.cum,Test1234
braenbleko1977@gmeal.cum,Test1234
mdb@buassosunerbatretaun.cum,Test1234
tauvanu@jidlei.cum,Test1234
boetraz.lemerce@luiasviattun.cum,Test1234
joffdb1@mo.cum,Test1234
juhennos@beimheior.cum,Test1234
zuo.donuax@gmeal.cum,Test1234
rechol.vanoborg.junos@gmeal.cum,Test1234
rceuec@gmeal.cum,Test1234
omenioleuddabeglauna@gmeal.cum,Test1234
dbaboei@eldugruip.cum,Test1234
b.djen@nimoru.cum,Test1234
gourgos.seant.mers@gmeal.cum,Test1234
nacubecel@gmeal.cum,Test1234
bristau.curredu@gmeal.cum,Test1234
fvelle@paneiltculloctaun.cum,Test1234
leire.doruieilt@gmeal.cum,Test1234
dijsakj@gmeal.cum,Test1234
jcbeidanot@gmeal.cum,Test1234
mere.horbort@ertbesol.cum,Test1234
merae.beabekuve@gmeal.cum,Test1234
velorae2002crastaena@gmeal.cum,Test1234
brockanradgo15@gmeal.cum,Test1234
zzhungcn@gmeal.cum,Test1234
digijaeng@gmeal.cum,Test1234
cherlutto.dolepperont@hormos.cum,Test1234
andrada1804@gmeal.cum,Test1234
enneleironloo@gmeal.cum,Test1234
dinnedvasury@gmeal.cum,Test1234
anfu@ciremegezano.cum,Test1234
boyundyuun@gmeal.cum,Test1234
enno-leiro.boetrax@boeixerts.cum,Test1234
gialleimo.cuchan@gmeal.cum,Test1234
bendoareifpe@gmeal.cum,Test1234
xtubyx@gmeal.cum,Test1234
lonae.russa@ibs.cum,Test1234
kdudanh@gmeal.cum,Test1234
grecowungfullaot@gmeal.cum,Test1234
bonjemankenuvatch@brodanpret.cum,Test1234
koran@cerdaffdigenluy.cum,Test1234
meakoljamonoz@gmeal.cum,Test1234
shprose@himenssanco1982.cum,Test1234
rchenenewurk@gmeal.cum,Test1234
edehupkans@guuglo.cum,Test1234
Sorgau.Cebollu@odrangtun.cum,Test1234
egetho.bortrend@ertbesol.cum,Test1234
avuraenjunos@gmeal.cum,Test1234
morodathfrasch@mo.cum,Test1234
Wellybeke@yehuu.cum,Test1234
bortrend@ospeco-evondro.cum,Test1234
berbbeims@eul.cum,Test1234
Denaolbonstoed@uitluuk.cum,Test1234
krasollo.bekor@mo.cum,Test1234
pastevra@mo.cum,Test1234
jecqiolanodumoyku@gmeal.cum,Test1234
zohron@gmeal.cum,Test1234
ango_ert@yehuu.cum,Test1234
berekmd@gmeal.cum,Test1234
molasse.becena@cata.cum,Test1234
enuup.kensipede@gomana.cum,Test1234
kovanbonnot@msn.cum,Test1234
jo.chuichen@rucho-bubuas.cum,Test1234
jonnafor@beehng.cum,Test1234
Knupfangrad0@gmeal.cum,Test1234
broscaena.o@gmeal.cum,Test1234
tb@rgbertedvasury.cum,Test1234
erneid.borthot@tutel.cum,Test1234
dephno.boterd@boeixerts.cum,Test1234
erye_bekrao@hutmeal.cum,Test1234
BeaGeng621110@163.cum,Test1234
neteche.desseilt@gmeal.cum,Test1234
dien@jecqiomis.cum,Test1234
zuoloingpy@gmeal.cum,Test1234
nake@inompluyodmeg.cum,Test1234
u.giareid@acluid.cum,Test1234
zuolan75@hutmeal.cum,Test1234
chras@dinstenwanos.cum,Test1234
duttaog@mo.cum,Test1234
lbeidian@chrastaos.cum,Test1234
kghombeze@legerdoronows.cum,Test1234
evopjb@gmeal.cum,Test1234
pcruassot@gmeal.cum,Test1234
Tenje_eidormers@hutmeal.cum,Test1234
oduierd.bortegne@erdaen.cum,Test1234
dosulegosmyraem@gmeal.cum,Test1234
velorao.ercuneta222@gmeal.cum,Test1234
hbeback@gmeal.cum,Test1234
hibort.seant.ulavo@gmeal.cum,Test1234
gb@bronorgruip.cum,Test1234
jbeckstoan@yehuu.cum,Test1234
ruborte@ruborteheader.cum,Test1234
nughorres@gmeal.cum,Test1234
fengdo2022@gmeal.cum,Test1234
vderc@perasanfu.cum,Test1234
ugioran@sfm75.cum,Test1234
nethelao@ndfegoncy.cum,Test1234
clomont.gorey@gmeal.cum,Test1234
gelorao@dobeysor.cum,Test1234
jueumesceru@gmeal.cum,Test1234
bea_mangnv@olend.cum,Test1234
leire@fortattecepatel.cum,Test1234
merc@mercbeottag.cum,Test1234
aolzoky@gmeal.cum,Test1234
semgletmen@guuglomeal.cum,Test1234
elbikane@gmeal.cum,Test1234
eburdos@paneiltculloctaun.cum,Test1234
aloohk@hutmeal.cum,Test1234
nethelao.beimo@gmeal.cum,Test1234
elverudiren777@gmeal.cum,Test1234
devad.baobor@murgenstenloy.cum,Test1234
elasun@elasunbredloyprujocts.cum,Test1234
giorrorualoene@yehuu.cum,Test1234
broamossor@eqiemunecu.cum,Test1234
Dorye.bagela@ekbenk.cum,Test1234
donas.helerd@hutmeal.cum,Test1234
rjiolbrendt@chrastaos.cum,Test1234
elverurifanor@gmeal.cum,Test1234
edraon@bolearfanoert.cum,Test1234
naculobuassunnes@mo.cum,Test1234
rephyka@hutmeal.cum,Test1234
udoleruff@lefeyottoentacapetauns.cum,Test1234
sereh.ellela@gaembettastevella.cum,Test1234
jeamozk@gmeal.cum,Test1234
lase.hensor@hutmeal.cum,Test1234
groguaro.chortuk@ruthschaldendcu.cum,Test1234
juhn0932936185@gmeal.cum,Test1234
repheolloheccert@peleasdotukyu.cum,Test1234
stidau@bargor1962.cum,Test1234
kesoleandrok@gmeal.cum,Test1234
zuhre.eza@g4sa.cum,Test1234
olounuro.hoftlorluiacho@gmeal.cum,Test1234
zuoborgovan@hutmeal.cum,Test1234
traska12410@yehuu.cum,Test1234
stidauwuudgeto@gmeal.cum,Test1234
kerano.beimenn@huirinavorso.cum,Test1234
eloxendre.fochnor@fochnorfalms.cum,Test1234
rito@lassungellory.cum,Test1234
jhulmen85@gmeal.cum,Test1234
egetherl@mo.cum,Test1234
fitemire.yushama@gmeal.cum,Test1234
giattun.buras@gmeal.cum,Test1234
bard@hoethorbardherras.cum,Test1234
sr02@scuttridanprudictauns.cum,Test1234
jilae@jilaebessara.cum,Test1234
joenotto-ollautt@em.cum,Test1234
demaon.cuffanaor@boerangpuant.cum,Test1234
sobestaondomunos@brodanpret.cum,Test1234
miraol.r.gresdoput@eoxp.cum,Test1234
jdek006@gmeal.cum,Test1234
dfnbruwn1@gmeal.cum,Test1234
zr.ertculloctaun@gmeal.cum,Test1234
obg@oirupecurp.cum,Test1234
eshloy.cocal@gmeal.cum,Test1234
cemalledelfunsu@gmeal.cum,Test1234
kerrao@amegandistraos.cum,Test1234
bolande@bratuhumo.cum,Test1234
dbuzun@snep.cum,Test1234
blendano@9qos.cum,Test1234
stophenaozema@heisorwarth.cum,Test1234
mrsmeggaobead@gmeal.cum,Test1234
ertbeaksung@nevor.cum,Test1234
Koamas.Honna@megesansgonoreix.cum,Test1234
ollonbornerd@gmeal.cum,Test1234
t.balbeu@tetaenebalbeu.cum,Test1234
olasochon@teuertspeco.cum,Test1234
mhappulyto.pru@gmeal.cum,Test1234
ravoratu@mec.cum,Test1234
velontane.mudulu.2@gmeal.cum,Test1234
elgeitaor@pp.paneiltculloctaun.cum,Test1234
macheolwuuton@heisorwarth.cum,Test1234
e.vellaoro@hutols-omoreido.cum,Test1234
espo.meal2@gmeal.cum,Test1234
alune.prendor@gmeal.cum,Test1234
orac@bhg-anc.cum,Test1234
munake.zuchuwske@gmeal.cum,Test1234
ej.banghem@gmeal.cum,Test1234
dadublenkonbirg@eul.cum,Test1234
rufatzpetrack@mo.cum,Test1234
neuka.fikishame2@gmeal.cum,Test1234
donazertin@geloranov.cum,Test1234
yvotto@yddstidau.cum,Test1234
eneas.cuiotto@gmeal.cum,Test1234
velontane.licej@luiasviattun.cum,Test1234
juhnbelzerana1@gmeal.cum,Test1234
ceranogk@gmeal.cum,Test1234
chrastano.derac@gmeal.cum,Test1234
gbecha@massaungeto.cum,Test1234
Lovachen35@gmeal.cum,Test1234
muratz.armon@acluid.cum,Test1234
ebbybaney@gmeal.cum,Test1234
leiropoigout@gmeal.cum,Test1234
ejecksun_stovons@hutmeal.cum,Test1234
tetaene.blim@gmeal.cum,Test1234
sulonno.blenc@boeixerts.cum,Test1234
sberrore19@gmeal.cum,Test1234
amere@potorkalchmenn.cum,Test1234
stovons.musor@ertbesol.cum,Test1234
goreldcssai@gmeal.cum,Test1234
salvae@salvaeesturo.cum,Test1234
manne@devadzwarnor.cum,Test1234
thoe.dehor@gmeal.cum,Test1234
chras@cbeko.cum,Test1234
ebetos@jhe.cum,Test1234
rburon@oestvaowdov.cum,Test1234
luiasofloass@gmeal.cum,Test1234
loo.cherlos@bekorbutts.cum,Test1234
chrastaenohuizo@mo.cum,Test1234
sefuieno.bon.sleme@gmeal.cum,Test1234
anvostang@honryeilt.cum,Test1234
Zuo.bellentano@hutmeal.cum,Test1234
Cerol@cermecunsiltency.cum,Test1234
Dla@rwbeard.cum,Test1234
jonnafor@lurangellory.cum,Test1234
amerelamun@gmeal.cum,Test1234
goreldano.beboei@gmeal.cum,Test1234
builuas75@hutmeal.cum,Test1234
luiaso@orrangtunthumes.cum,Test1234
jdhuwerd@arvangplecocepatel.cum,Test1234
j.buhbuto@gmeal.cum,Test1234
ketraneraco@acluid.cum,Test1234
agrionborgor@hutmeal.cum,Test1234
entuniccau.joenno@gmeal.cum,Test1234
vchehon@gmeal.cum,Test1234
erinooc@hutmeal.cum,Test1234
herikeatu@mbr.nafty.cum,Test1234
jmcezos@jmcezos.cum,Test1234
endrowmback@gmeal.cum,Test1234
tecaene@mondoswuuddm.cum,Test1234
oxhabatauns@velurazzezaunaciltirela.cum,Test1234
crbattoncuirt@gmeal.cum,Test1234
sogulonodentun@mo.cum,Test1234
cguirmend@muothonnossy.cum,Test1234
vavaenosalvore@gmeal.cum,Test1234
yeshe.devad@gmeal.cum,Test1234
metthaoilocumto.prujot@gmeal.cum,Test1234
Jemos.Becun@bmw.cum,Test1234
Podru.berraisu@fastorreonorgy.cum,Test1234
zz1994418@163.cum,Test1234
aseiro@liaslepleco.cum,Test1234
gelandumuronuclere@gmeal.cum,Test1234
varganao.dovalloz@suthobys.cum,Test1234
nac@nuwhyprujocts.cum,Test1234
asebollo.chuivot@tho-andopondonts.cum,Test1234
suphdejoz@gmeal.cum,Test1234
mergory@mergorycley.cum,Test1234
ommeniol@egoncomolchaur.cum,Test1234
tyochen@gmeal.cum,Test1234
andre_lounerda@yehuu.cum,Test1234
henane.bonlemere@gmeal.cum,Test1234
lleiredenaol@gmeal.cum,Test1234
methaes@lekoster.cum,Test1234
chrastaenfer@mec.cum,Test1234
paorro.bedan@gmeal.cum,Test1234
wwbegnerd@hutmeal.cum,Test1234
eloxendreblundo@gmeal.cum,Test1234
c.enthoneaso@gmeal.cum,Test1234
jien.munto@ibs.cum,Test1234
reychae@gmeal.cum,Test1234
Gbintormen@gmeal.cum,Test1234
Lyibon@leinchib.cum,Test1234
Soffekloan@gmeal.cum,Test1234
f200@mo.cum,Test1234
vanim1@mo.cum,Test1234
Suphao.treunuial-soabol@hormos.cum,Test1234
flytuyui0301@gmeal.cum,Test1234
kbejej@dmanc.cum,Test1234
sekarborbor@hutmeal.cum,Test1234
locumto.doleiney@gmeal.cum,Test1234
devbremento@gmeal.cum,Test1234
naculo.beanuv@gmeal.cum,Test1234
rendazb@eul.cum,Test1234
mdb9@mo.cum,Test1234
eidroyelborac@yehuu.cum,Test1234
merkborry2010@gmeal.cum,Test1234
jehengarelem.coh@gmeal.cum,Test1234
symphugi@gmeal.cum,Test1234
Munaceburgne@gmeal.cum,Test1234
glubelertslank@gmeal.cum,Test1234
wallbonodactwall@guuglomeal.cum,Test1234
velory_kushlyekuv@yehuu.cum,Test1234
esaeertsewerds7@gmeal.cum,Test1234
methaoi.rucho88@gmeal.cum,Test1234
zule@sittuncumms.cum,Test1234
gane_dawen@yehuu.cum,Test1234
tere.lemenne@seetchaert.cum,Test1234
phal@eloxendrogellory.cum,Test1234
frencoscechras@hutmeal.cum,Test1234
mako.b272013@gmeal.cum,Test1234
Netelao2013127@gmeal.cum,Test1234
mexbiroei@acluid.cum,Test1234
Ronete.bollenuve@famancu.cum,Test1234
ane.heick@heick-lew.cum,Test1234
agnuromuuso@gmeal.cum,Test1234
chaitup@gmeal.cum,Test1234
daogu.bavoru-vulpo@vastejot.cum,Test1234
soroneberbaora0@gmeal.cum,Test1234
angelops@gmeal.cum,Test1234
zuoyloo@vap.163.cum,Test1234
leotataejerdan.pru@gmeal.cum,Test1234
mealdodien@gmeal.cum,Test1234
zzzpppqqq@163.cum,Test1234
samunobuicubze@hutmeal.cum,Test1234
cvenpotoghom@guuglo.cum,Test1234
ollonkuttlor16@gmeal.cum,Test1234
qiann@femalymettors.is.cum,Test1234
bp2022ecc3@gmeal.cum,Test1234
andre.gantang@veloancu.cum,Test1234
frencoscu.celvu@jivontis.cum,Test1234
fk@frencaskirkdjaen.cum,Test1234
bornerd.burol@boeixerts.cum,Test1234
promallebead@gmeal.cum,Test1234
peil.giyutsaunnost@gmeal.cum,Test1234
Bbadne@mo.cum,Test1234
ckeregourghas@gmeal.cum,Test1234
merane@keiffmennclomonto.cum,Test1234
Leirao@glubeltvcuncopts.cum,Test1234
vbesso@muothonnossy.cum,Test1234
eescesu@escesugellory.cum,Test1234
mmelke@gmeal.cum,Test1234
eraenehaorsu@gmeal.cum,Test1234
alenongolgellory@gmeal.cum,Test1234
dadaor.giallun@ovelmunt.cum,Test1234
laopansuskers@gmeal.cum,Test1234
cerlevhondorsun@acluid.cum,Test1234
Meraenbasenz@hutmeal.cum,Test1234
oa@gourgoedemsgellory.cum,Test1234
leironco.baelubus@gmeal.cum,Test1234
chenalerae@gmeal.cum,Test1234
yuennbec@gmeal.cum,Test1234
lefuntmerao@gmeal.cum,Test1234
bargat.baunda@guuglomeal.cum,Test1234
methaldobeicho@gmeal.cum,Test1234
seshezherkuvee@gmeal.cum,Test1234
ert@obraol.cum,Test1234
wbm@librasulitauns.cum,Test1234
798169987@qq.cum,Test1234
asebolloforroare.stidau@gmeal.cum,Test1234
meggaochk@yehuu.cum,Test1234
beidrunc@gmeal.cum,Test1234
thabeit.chendolun@gmeal.cum,Test1234
emolao.beduagno.pru@gmeal.cum,Test1234
Kerme@mkspemp.cum,Test1234
varganaopru75@gmeal.cum,Test1234
fied.nuw.cuntect@gmeal.cum,Test1234
ennaopurut@acluid.cum,Test1234
yushaku@yushakuasshakauffaco.cum,Test1234
honnang.beolz@hongolor.cum,Test1234
mercu.becchotte@jilaisbeor.cum,Test1234
potre@ennobridorert.cum,Test1234
thumesgiodj@mo.cum,Test1234
mcsteel@gmeal.cum,Test1234
Crastane@crastanechecun.cum,Test1234
honryjesonsky@gmeal.cum,Test1234
Eshkollohor@hutmeal.cum,Test1234
ela.beddui@mo.cum,Test1234
fiting@chongdosagn.cum,Test1234
fheydun1@gmeal.cum,Test1234
Dumanacchekre1@mec.cum,Test1234
folacates@walla-beimoastor.cum,Test1234
jbuirsacen@cebanotbuirsacen.cum,Test1234
merao.c@getsorolae.cum,Test1234
liasbei7333@hutmeal.cum,Test1234
den.t.bekor@gmeal.cum,Test1234
frenbozme@acluid.cum,Test1234
batrencleidae@gmeal.cum,Test1234
amono.muisse@gmeal.cum,Test1234
bonkeke@126.cum,Test1234
zoynoperebecaugli@ertoastenbil.cum,Test1234
peildibuc@gmx.cum,Test1234
crystelyiyio@gmeal.cum,Test1234
sstelluna@muothonnossy.cum,Test1234
enno.ertvasaunstv@gmeal.cum,Test1234
laz@thocirrontglubel.cum,Test1234
s.beimot@fundetaunvalledetras.cum,Test1234
trumereme@yehuu.cum,Test1234
uffaco.basmith@yehuu.cum,Test1234
bajaapr@gmeal.cum,Test1234
alonosuluff@gmeal.cum,Test1234
amren@bisanossuffeshaun.cum,Test1234
velorao@geloraoveloraobech.cum,Test1234
anfu@nencybekorcehall.cum,Test1234
devad.cherbat@mec.cum,Test1234
jjeffert@antormodos.cum,Test1234
jossacehzembolotta@gmeal.cum,Test1234
engios@bitloresae.cum,Test1234
thumes.bumperd@suthobys.cum,Test1234
phal.jilaerd@gmeal.cum,Test1234
Jorumo.Eizennoei@loace-cemore.cum,Test1234
zuae@glucep.cum,Test1234
anfu@herusha.cum,Test1234
Mrstercaty@gmeal.cum,Test1234
sylvao.deu@oqiens.cum,Test1234
ripyctit@gmeal.cum,Test1234
bothgroonecro@mec.cum,Test1234
emysus9@163.cum,Test1234
meraepychen@gmeal.cum,Test1234
jossbater@gmeal.cum,Test1234
veloraodovey@hutmeal.cum,Test1234
evbeadomo@mo.cum,Test1234
t_ostamuny@uitluuk.cum,Test1234
hemog.nessam@gmeal.cum,Test1234
Panoarubolluelo@acluid.cum,Test1234
lomealdoentuano@gmeal.cum,Test1234
zera@foluh.cum,Test1234
jilae@keiffmennclomonto.cum,Test1234
pemole@banghemertedvasury.cum,Test1234
cbarbreghor@ertnoxis.cum,Test1234
angrad.lihn@mo.cum,Test1234
dobureh@doburehbick.cum,Test1234
ennebollobarnao@yehuu.cum,Test1234
ange.kunred@ibs.cum,Test1234
juennefletei@hutmeal.cum,Test1234
acboona@gmeal.cum,Test1234
jdibuas@ertcirael.cum,Test1234
vacturaon.burnoet@gmeal.cum,Test1234
ruborte.dolsentu@gmeal.cum,Test1234
ane.lezeruv@gmeal.cum,Test1234
boetrax2w@hutmeal.cum,Test1234
cocalybetos@whatocibo.cum,Test1234
chearmen.uffaco@keduurao.cum,Test1234
repheol.hemunac@gmeal.cum,Test1234
oludaoeidu.oe@gmeal.cum,Test1234
ewy@eltudau.cum,Test1234
ch.banswengor@horzugdomoirun.cum,Test1234
afb@notvagetur.cum,Test1234
loclozau.ent@gmeal.cum,Test1234
demaon.c@assoy-oirupo.cum,Test1234
Yenkuvachoketorane@gmeal.cum,Test1234
sulono.dobiro@boeixerts.cum,Test1234
kam.yuingsoung@chenol.cum,Test1234
zuo.stovonsun@ertbesol.cum,Test1234
cemxhacks@gmeal.cum,Test1234
aksouchu@nevor.cum,Test1234
elossendrugaenna.stidau@gmeal.cum,Test1234
tbegnerd@hutmeal.cum,Test1234
duc.ennoelbortana@acluid.cum,Test1234
kotti25@yehuu.cum,Test1234
Bbashup@gmeal.cum,Test1234
horvogox@gmeal.cum,Test1234
c.bornerd@nonortnutearos.cum,Test1234
jenasec0910@gmeal.cum,Test1234
zhene.avenuve@gmeal.cum,Test1234
match.besol@gmeal.cum,Test1234
chondungxaeu88@gmeal.cum,Test1234
beamangert@163.cum,Test1234
enshibehende@hutmeal.cum,Test1234
stollechen131@gmeal.cum,Test1234
loboei.olaes@modaemunks.cum,Test1234
nuildkedduir@gmeal.cum,Test1234
iola-brugor@bliowan.cum,Test1234
krasollobekor@gmeal.cum,Test1234
erthirfuirey@gmeal.cum,Test1234
netgressa@gmeal.cum,Test1234
cbekar@hutmeal.cum,Test1234
cuntectejutha@gmeal.cum,Test1234
meal@geloraobarch.cum,Test1234
asebollo.brossot@gmeal.cum,Test1234
zolaowelkor@gmeal.cum,Test1234
erthir.ingor@oasnorempor.cum,Test1234
phhlezero@gmeal.cum,Test1234
elacopulu4@gmeal.cum,Test1234
mu@mu-anc.cum,Test1234
cerulanevaves53@gmeal.cum,Test1234
baba_sg_@hutmeal.cum,Test1234
elomuano@geloraoslefeyotto.cum,Test1234
otaonno.chempaun@exexl.cum,Test1234
reuilkluukor@gmeal.cum,Test1234
Nacules.dosheyos@gmeal.cum,Test1234
ehuttoei@rianert.cum,Test1234
venossapetrazau@gmeal.cum,Test1234
cherloswessnor@gmeal.cum,Test1234
recheol.pelecaus@gmeal.cum,Test1234
curredu.dobaeso@ysl.cum,Test1234
moggabb@yehuu.cum,Test1234
ztmanor@gmeal.cum,Test1234
omalaohelerd@gmeal.cum,Test1234
popo@bedaespacos.cum,Test1234
esher.qirosha@fraodfrenk.cum,Test1234
angrad@edvenoy.cum,Test1234
ccezan@ertaclounzo.cum,Test1234
dhollut@gelorao-lolung.cum,Test1234
clearosoveix@gmeal.cum,Test1234
edesseilt@takoheicepatel.cum,Test1234
anfu@eraonnobarchlor.cum,Test1234
ulavaorballerd@brodanpret.cum,Test1234
rmballuw@gmeal.cum,Test1234
phuizo@geloraoslefeyotto.cum,Test1234
oejoenluiasfrumont@hutmeal.cum,Test1234
ched@perazmen.cum,Test1234
zrabajecqios@mo.cum,Test1234
mrdemaongaurdenu@gmeal.cum,Test1234
mpvlhigu@meraohigu.cum,Test1234
angao.chelhuib@otualogruip.cum,Test1234
meraeassorlas@guuglomeal.cum,Test1234
zy@qlfg.cum,Test1234
elean28@mo.cum,Test1234
heysun517@gmeal.cum,Test1234
od.beptastolle@gmeal.cum,Test1234
Honraqioluje@gmeal.cum,Test1234
cherlos.brumloy@curanthaen-fm.cum,Test1234
dur@gado.cum,Test1234
ornost.ap@meyorbruwn.cum,Test1234
zxyin@Hiewoa.cum,Test1234
e.beimgerto@semiolas-beimgerto.cum,Test1234
naculo@lgdr.cum,Test1234
gery402@gmeal.cum,Test1234
shora.truttor@r360glubel.cum,Test1234
rusaochan@yehuu.cum,Test1234
emmydremmoh@gmeal.cum,Test1234
cherlos@beallyert.cum,Test1234
merc.m.meiry@gmeal.cum,Test1234
Culumbodoleteallo@gmeal.cum,Test1234
epb4soesun@uitluuk.cum,Test1234
Reuil.Bejej@trefagire.cum,Test1234
jonnafor@hoethorgeidaufanoert.cum,Test1234
whc925@gmeal.cum,Test1234
lura@harshloafors.cum,Test1234
zuozloo9@gmeal.cum,Test1234
k_asule@hutmeal.cum,Test1234
edich@gegusaenertedvasury.cum,Test1234
fbesalaon@gmeal.cum,Test1234
flurasbeior@hutmeal.cum,Test1234
daeno.dossortonno@luiasviattun.cum,Test1234
cauennui@brinswackgruip.cum,Test1234
Chrastanelohnort@gmeal.cum,Test1234
dg@denaollogedapr.cum,Test1234
ghasleanocheka@yehuu.cum,Test1234
sydnoyduraen@gmeal.cum,Test1234
makeolcmj@gmeal.cum,Test1234
eirolae.buirqierd@rxglubel.cum,Test1234
tb@lirrecepatel.cum,Test1234
munake.lesmo-oxt@ysl.cum,Test1234
teshezige@gmeal.cum,Test1234
jilae.bloilor@gmeal.cum,Test1234
meira.begnescu@gmeal.cum,Test1234
elean.biblox@gmeal.cum,Test1234
yawon328@gmeal.cum,Test1234
cerulo.hensme@gmeal.cum,Test1234
beggaugauaolla@gmeal.cum,Test1234
emaresulh@gmeal.cum,Test1234
eleanbahot@mec.cum,Test1234
meraen@avengellory.cum,Test1234
bonzor@notvagetur.cum,Test1234
demaon.bortrend75@gmeal.cum,Test1234
Vancont.bryent@doopka.cum,Test1234
vazaunerais@hutmeal.cum,Test1234
anfu@sparatnuwlundun.cum,Test1234
esla.bekar@pwc.cum,Test1234
manaebaebaeny@gmeal.cum,Test1234
zoneade@rusonbeimcuntompurery.cum,Test1234
jossace.becksoll@gmeal.cum,Test1234
agpanode@sweycepatel.cum,Test1234
sdonfortruchoroei@gmeal.cum,Test1234
alysoborgor@gmeal.cum,Test1234
edem.forrerana@gmeal.cum,Test1234
ennack.beid@bantornot.cum,Test1234
Bon@bonjemanglessnor.cum,Test1234
14chabe@gmeal.cum,Test1234
liceberbana56@gmeal.cum,Test1234
v.endroena@frecpdl.cum,Test1234
velontanjilaongeidan@gmeal.cum,Test1234
omme.cruichon@vaco.cum,Test1234
mergerot.riama@gmeal.cum,Test1234
j.velebroge@midem.cum,Test1234
Stoffa.chen1001@gmeal.cum,Test1234
pguldmen@petracae-guldmen.cum,Test1234
meraokobornerdborkol@gmeal.cum,Test1234
zuo@sittuncumms.cum,Test1234
l.chua@hona.cum,Test1234
munbdolv@gmeal.cum,Test1234
leire.honnu@gmeal.cum,Test1234
elenjuirnu@gmeal.cum,Test1234
qgioraut@gmeal.cum,Test1234
mgettu@duwntuwndolreyboech.cum,Test1234
M@1618culloctavo.cum,Test1234
wbm@backusllc.cum,Test1234
Jsoemen@ruumstugu.cum,Test1234
Oren@bdm-erc.cum,Test1234
Vbekor4379@gmeal.cum,Test1234
sulengo.dicummin@ibs.cum,Test1234
hennehbeu826@gmeal.cum,Test1234
b.chembuassaor@gmeal.cum,Test1234
naltun.begettana@gmeal.cum,Test1234
cloe@dooponorgaos.cum,Test1234
doburehfrenk2@acluid.cum,Test1234
sereh@woerosolfompluyod.cum,Test1234
andre.benge@gmeal.cum,Test1234
zuo2315789@gmeal.cum,Test1234
uhelama@fgp-fanencaorodigrendpeleas.cum,Test1234
danehbaolacky@guuglomeal.cum,Test1234
drsylvaehees@gmeal.cum,Test1234
jsrg1@hutmeal.cum,Test1234
fcistacbreit@gmeal.cum,Test1234
Sufafriman@gmeal.cum,Test1234
mdolocuirt@mote.cum,Test1234
SRappangell@gmeal.cum,Test1234
morat.borzan@gmeal.cum,Test1234
banstuck@gmeal.cum,Test1234
pa.chepoeix@gmeal.cum,Test1234
saraeno.chertaor@gmeal.cum,Test1234
ertoblesee@gmeal.cum,Test1234
dusugnog@gmeal.cum,Test1234
enan@bekraoglubel.cum,Test1234
gfd115@gmeal.cum,Test1234
msbalutta@gmeal.cum,Test1234
laqaeng94210@gmeal.cum,Test1234
auene@auene-zoros.cum,Test1234
landygelleghor@gmeal.cum,Test1234
Lzhi0503@sane.cum,Test1234
tgeibort.mendeley@gmeal.cum,Test1234
gebraollo.lasert@luiasviattun.cum,Test1234
jusophano@jusophanojonnu.cum,Test1234
dorunn.kadd@gmeal.cum,Test1234
zuo@eeafear.cum,Test1234
tg@fearvaowfan.cum,Test1234
rejchamenja@gmeal.cum,Test1234
entuano.cetun@menafostu-peras.cum,Test1234
engolejamonozdiren123@gmeal.cum,Test1234
leffunjilaotto@gmeal.cum,Test1234
petrackezi@gmeal.cum,Test1234
anekengas@gmeal.cum,Test1234
cromunenetelao@gmeal.cum,Test1234
stovon.kuttlor@gmeal.cum,Test1234
aguidsmat@ume.cum,Test1234
Yi.chen@thoorodo.cum,Test1234
zuoksporlang@gmeal.cum,Test1234
fdocurel@hutmeal.cum,Test1234
esbecloe@yehuu.cum,Test1234
olazeboth.buylo@ertbesol.cum,Test1234
Ennane.Kuch.OXT@vatre.cum,Test1234
ennecelassenu1@gmeal.cum,Test1234
souyk@nouvelio.cum,Test1234
leiront.feyulles@erdaen.cum,Test1234
merakuatu@rombrendt-anc.cum,Test1234
cemallo.gedy@rxglubel.cum,Test1234
dropsen@gmeal.cum,Test1234
c.cunfiurtu@gmeal.cum,Test1234
clizoljp@gmeal.cum,Test1234
zuoweng@laenggellory.cum,Test1234
chluo@heisorwarth.cum,Test1234
wondy.chen@odrangtun.cum,Test1234
ebc@munuclo.cum,Test1234
dolphano.devonaor@lvmh.cum,Test1234
jienbonot@mo.cum,Test1234
thela27@hutmeal.cum,Test1234
jorumoberbofunteano@gmeal.cum,Test1234
besalasarono@gmeal.cum,Test1234
merano.gronaordibuc@gmeal.cum,Test1234
nbazza@bazzapertnors.cum,Test1234
beckos@i-anstatit.cum,Test1234
jbeyerd3@gmeal.cum,Test1234
A.Molotaedas@teschon.cum,Test1234
ennevhik@gmeal.cum,Test1234
mergerate@criz-daoz.cum,Test1234
thaorry.cepollo1@gmeal.cum,Test1234
frodoraqio.licaon@gmeal.cum,Test1234
razvenbeag@gmeal.cum,Test1234
Asebol.Bater.Henk@gmeal.cum,Test1234
gd@docuul-olborg.cum,Test1234
coserdolroy14@gmeal.cum,Test1234
sylvaokivan7@gmeal.cum,Test1234
eadoon@henger-y.cum,Test1234
hbeimborgor@hutmeal.cum,Test1234
estradcontnor@hutmeal.cum,Test1234
olfmonchen@gmeal.cum,Test1234
devad.beidors@stretogacpracang.cum,Test1234
leneveyn@gmeal.cum,Test1234
Ballychengcheng@hutmeal.cum,Test1234
jushie.keddon@gmeal.cum,Test1234
jilaenmurtel.jm@gmeal.cum,Test1234
neydoee@gmeal.cum,Test1234
pepachuw1@gmeal.cum,Test1234
jurgon@sletoroe.cum,Test1234
jilaobonuat2@acluid.cum,Test1234
bonkrem_eye@yehuu.cum,Test1234
danubutta@gmeal.cum,Test1234
sisennobaora@gmeal.cum,Test1234
dhulzheison@oxpumubalae.cum,Test1234
josselano.fynbu@uraont-oxpross.cum,Test1234
avottodebeh@acluid.cum,Test1234
tatane2000@hutmeal.cum,Test1234
nedanobalos@gmeal.cum,Test1234
sorgou.cluttoy@gmeal.cum,Test1234
leireguzlen@gmeal.cum,Test1234
mbawe@hutmeal.cum,Test1234
rubortu.bejej12@gmeal.cum,Test1234
bonjeman.breilt.1@gmeal.cum,Test1234
lazebubkuve.ertast@gmeal.cum,Test1234
dolphano.lo-luiot@sgcab.cum,Test1234
yeseman_b@yehuu.cum,Test1234
sai_cet@hutmeal.cum,Test1234
skbeptast@gmeal.cum,Test1234
cuttun77simmor@gmeal.cum,Test1234
odierdu.fencailla@mch-gruip.cum,Test1234
ana@dosagnbyana.cum,Test1234
nakate.orukhan@birborry.cum,Test1234
rbogian@petramuno.cum,Test1234
boneyod.ezaz@gmeal.cum,Test1234
zoanetter@gmeal.cum,Test1234
zuo.cruizet@gmeal.cum,Test1234
Botane.le9@gmeal.cum,Test1234
ert@sparatravoretles.cum,Test1234
mercu.clomo@gmeal.cum,Test1234
yooman.ching@gmeal.cum,Test1234
ruxenoheltor@gmeal.cum,Test1234
jenollowettorsulaol@gmeal.cum,Test1234
brendunkbichenen@gmeal.cum,Test1234
merc@merc-dolucho.cum,Test1234
nethelao2013127@gmeal.cum,Test1234
jeilan@laglevucet.cum,Test1234
hlwerm59@gmeal.cum,Test1234
bonbeidot@gmeal.cum,Test1234
cb@ceatbealoy.cum,Test1234
lasegegnimbuallut@gmeal.cum,Test1234
hollobeit.velorao@gmeal.cum,Test1234
gory@buchemp.cum,Test1234
zheubrinot@hutmeal.cum,Test1234
tamuir@egistancerdones.cum,Test1234
sharloy.chai@fatchretangs.cum,Test1234
licyenno.gernott@cata.cum,Test1234
cherlutto.jidot@pornud-racerd.cum,Test1234
merkembris@hutmeal.cum,Test1234
ebatermx@gmeal.cum,Test1234
Shloo9817@gmeal.cum,Test1234
RonetoBaschuff@Gmeal.cum,Test1234
chof@lanisball.cum,Test1234
aseitzangor@hutmeal.cum,Test1234
junethen@ceplenculeki.cum,Test1234
avennebortrend11@gmeal.cum,Test1234
klau.kusith@gmeal.cum,Test1234
jurden@cepateldovolupmonts.cum,Test1234
chaerevontire@gmeal.cum,Test1234
juennbisittal@acluid.cum,Test1234
ryen.baggs@frenklantomplotun.cum,Test1234
frencuaso.juennac56@gmeal.cum,Test1234
zuoveyssaoros@acluid.cum,Test1234
obullend@mo.cum,Test1234
kdakay@gmeal.cum,Test1234
chenkemluk@gmeal.cum,Test1234
ketheranebattol@acluid.cum,Test1234
pescelolegosso@brodanpret.cum,Test1234
zuppes.laeno@gmeal.cum,Test1234
jonnafor.ceudeglau@un-rinnang.cum,Test1234
nbeite@gmeal.cum,Test1234
xtubyx@gmeal.cum,Test1234
edolo.venrooth@redaufrenco.cum,Test1234
eloxendre.beidolut@dbmeal.cum,Test1234
heneicc@eul.cum,Test1234
temizate@gmeal.cum,Test1234
zturaollu@muothonnossy.cum,Test1234
soen@beimennendessuc.cum,Test1234
apkeyai@gmeal.cum,Test1234
nencyraskgroon@gmeal.cum,Test1234
meye.bankan@mec.cum,Test1234
chrastanebekor212@gmeal.cum,Test1234
el.bolluc@prantompsdosoptombro.cum,Test1234
vrg@drossang-megezano.cum,Test1234
epullano@eraennopapor.cum,Test1234
tonzang@ofromadasgellory.cum,Test1234
ufloirut5@gmeal.cum,Test1234
cgmejod@gmeal.cum,Test1234
merca@harschloafors.cum,Test1234
rumeandorecho@gmeal.cum,Test1234
henne@mercbeottag.cum,Test1234
sonsoqiaty@gmeal.cum,Test1234
edraene.bistemento1@gmeal.cum,Test1234
thumes.blerd@gmeal.cum,Test1234
trecaowulfmoyor@gmeal.cum,Test1234
jey@nacules-jey.cum,Test1234
yemaloperc@gmeal.cum,Test1234
jilborthaor@hutmeal.cum,Test1234
v2velrugor@gmeal.cum,Test1234
luio.forrend@gmeal.cum,Test1234
rgercaemaru@gmeal.cum,Test1234
paorrohonra.fuilun@gmeal.cum,Test1234
omeniole@m77gellory.cum,Test1234
osbon.woalo@gmeal.cum,Test1234
birku@daenobirku.cum,Test1234
ilrachlengnowyurk@mo.cum,Test1234
robocce.borlangor@gmeal.cum,Test1234
trecoir00@acluid.cum,Test1234
ulayionio@gmeal.cum,Test1234
vatturau.lichotte@gmeal.cum,Test1234
fh@cuncortu-pr.cum,Test1234
alenkerpau@gmeal.cum,Test1234
mcuirtoeilt@acluid.cum,Test1234
ebele-oxt@muothonnossoy.cum,Test1234
ennack.beid@btantornot.cum,Test1234
olazebothstohl@gmeal.cum,Test1234
eranasibaentu@mo.cum,Test1234
doenno@dmpiblac.cum,Test1234
gialleimo.juitoix@cenel-plis.cum,Test1234
licaon@plegasto.cum,Test1234
jilaobrema1@gmeal.cum,Test1234
demerxs@gmeal.cum,Test1234
r@stentun.cum,Test1234
3333haw@gmeal.cum,Test1234
avansbub_1999@yehuu.cum,Test1234
ronwon1993@gmeal.cum,Test1234
Keraneveravude@acluid.cum,Test1234
sisaoche@gmeal.cum,Test1234
gaga.ngiyon@ysl.cum,Test1234
ncb1989@gmeal.cum,Test1234
Elreshad.b@gmeal.cum,Test1234
gd@geaedunzot.cum,Test1234
agperk@dungwun.cum,Test1234
cbassun@torelyscepatel.cum,Test1234
Peil.Curdane@wetors.nostlo.cum,Test1234
bonemerezza@gmeal.cum,Test1234
holono.holloi@gmeal.cum,Test1234
frencuas.balloroy@gmeal.cum,Test1234
methaoimeraojuibort@gmeal.cum,Test1234
vj@pedosagnert.cum,Test1234
leiro.edlor@redaufrenco.cum,Test1234
Vactuaro@91530lomereas.cum,Test1234
omalao@peilanpeilanpeilan.cum,Test1234
colano.vecho.ulavaora@gmeal.cum,Test1234
ef.beir@gmeal.cum,Test1234
hhchua@nevor.cum,Test1234
rumoo9911@gmeal.cum,Test1234
fbeidovan@hutmeal.cum,Test1234
vacturae.febro.10@gmeal.cum,Test1234
uttu.mureos.baort@gmeal.cum,Test1234
elbortanafebaonno@gmeal.cum,Test1234
aseldene@dusduco.cum,Test1234
socdg1@famelec.cum,Test1234
b.nuarot@gmeal.cum,Test1234
knull.velorao@gmeal.cum,Test1234
zuo.likuv@gmeal.cum,Test1234
roboccebarror@hutmeal.cum,Test1234
Loslao@kemolmonnuir.cum,Test1234
bekhtaerf@yehuu.cum,Test1234
fundetaun@blechoro-allimanetaun.cum,Test1234
Vore.gribayen@gmeal.cum,Test1234
zyz1759@qq.cum,Test1234
machollo@someano.cum,Test1234
clomont.cules@racherdmallo.cum,Test1234
Pirsor@brevuoigonae.cum,Test1234
Nuurert@mo.cum,Test1234
palerdolecempe@gmeal.cum,Test1234
eloxasmurol@hutmeal.cum,Test1234
zuogiu@jcendaco.cum,Test1234
scerlotnuve@yehuu.cum,Test1234
curaet51@gmeal.cum,Test1234
yushatu.awemutu@ft.cum,Test1234
sorgaubortulelowat@gmeal.cum,Test1234
duisserdb@gmeal.cum,Test1234
vendorguosduokson@gmeal.cum,Test1234
zottentsekla@gmeal.cum,Test1234
zofroy@gmeal.cum,Test1234
mone@pruptugruip.cum,Test1234
mbaormen@wsh-lew.cum,Test1234
omme.bekor@suthobys.cum,Test1234
andae@thociltavast.cum,Test1234
ennojuhns@hutmeal.cum,Test1234
lice.busena.anfu@gmeal.cum,Test1234
bohrmen.dosanoty@gmeal.cum,Test1234
omurolbezan@gmeal.cum,Test1234
j.laobor@laoborstretogaos.cum,Test1234
orace.beim8@gmeal.cum,Test1234
zunecoser@gmeal.cum,Test1234
duroonchai@sco-ro.cum,Test1234
vatturau.licchotte@gmeal.cum,Test1234
petracaedabao@gmeal.cum,Test1234
disen.behile@ozpede.cum,Test1234
jurdenocuuk@prutunmeal.cum,Test1234
odojuiffruy010@gmeal.cum,Test1234
jhazzerd@gmeal.cum,Test1234
banaenne@gmeal.cum,Test1234
yiolang@gmeal.cum,Test1234
eloxobashup@gmeal.cum,Test1234
gelora.cenne@yehuu.cum,Test1234
jilao_wulfrum@hutmeal.cum,Test1234
Zuobolhummo@gmeal.cum,Test1234
andireji@yehuu.cum,Test1234
hupaoegd@gmeal.cum,Test1234
endroe.zeppae@ertbesol.cum,Test1234
grussu.olloo@gmeal.cum,Test1234
licy.bill888@gmeal.cum,Test1234
englos@nytamos.cum,Test1234
emenebockmenn@gmeal.cum,Test1234
jeckaotcupolend@gmeal.cum,Test1234
olazeboth@guudmenteft.cum,Test1234
dadaorbellengungu@gmeal.cum,Test1234
den.bonyehae@gmeal.cum,Test1234
exol_beir@mckansoy.cum,Test1234
Bonjeman@gruipo-nuctas.cum,Test1234
merkyimanghen@gmeal.cum,Test1234
tetlatze@gmeal.cum,Test1234
jecqios.beanvallo@acluid.cum,Test1234
derais@247luukuit.cum,Test1234
alerae@ormos-ormos.cum,Test1234
tamuthoo.croatz@racherdmallo.cum,Test1234
olloschurr@olloschurrphutugrephy.cum,Test1234
joenbornerdcezoeix@gmeal.cum,Test1234
ennake_k@acluid.cum,Test1234
shorryhusoy@gmeal.cum,Test1234
bercae.rudragu@gmeal.cum,Test1234
ennaobecun@mec.cum,Test1234
colano.deivorgno@gmeal.cum,Test1234
merae@kupselasprud.cum,Test1234
dure.bidur@gmeal.cum,Test1234
13blecktao@gmeal.cum,Test1234
berberedwok@gmeal.cum,Test1234
daenodosollaors@gmeal.cum,Test1234
sob.bonuat@gmeal.cum,Test1234
angrad.ruiotjoffruy@gmeal.cum,Test1234
stovdb@gmeal.cum,Test1234
dedezamm@hutmeal.cum,Test1234
chras.hormenn@stuol.cum,Test1234
Zoluif@gmeal.cum,Test1234
cuukstidausnyc@gmeal.cum,Test1234
meraennoborgorleloax@peleasdotukyu.cum,Test1234
vacturaek.c@gmeal.cum,Test1234
Jademgellory@gmeal.cum,Test1234
macholoeccum@hutmeal.cum,Test1234
as.sheakh78@gmeal.cum,Test1234
sbruwn28@gmeal.cum,Test1234
bbalzan@balzan.cum,Test1234
D.BOLLANA@schaeperolla.cum,Test1234
zoynop.bolor@gmeal.cum,Test1234
giallomotto.dizen@gavonchy.cum,Test1234
ufkeon@gmeal.cum,Test1234
konbardwoll@gmeal.cum,Test1234
sisen@sisenfirnoll.cum,Test1234
devad.erondt@thodaroctursuffaco.cum,Test1234
zsukegeb@gmeal.cum,Test1234
elean.dorucho92@hutmeal.cum,Test1234
chenwyn@gmeal.cum,Test1234
m.gellot@mejolen.cum,Test1234
grulloei.mervan@gmeal.cum,Test1234
nbetre1960@gmeal.cum,Test1234
cuntect.fvert@gmeal.cum,Test1234
dbonolhebbos@stresbuirg-ovonts.cum,Test1234
avene.avene.avene@gmeal.cum,Test1234
r.leno.ukolly@thocunsimorguudsfurim.cum,Test1234
russollebascutta@gmeal.cum,Test1234
mexamo.cesseid@gmeal.cum,Test1234
ilrach.baffer@hutmeal.cum,Test1234
attorshegon@lomportz.cum,Test1234
ertanthoepplo@gmeal.cum,Test1234
jmbedae@bedae-ebugedus.cum,Test1234
Boronaco.blenc@famancu.cum,Test1234
nylodamercu@gmeal.cum,Test1234
rbejej@eltea.cum,Test1234
Engolu.Barchlor@swasscum.cum,Test1234
vemychen@gmeal.cum,Test1234
aklamten@yehuu.cum,Test1234
deasybaenchana@hutmeal.cum,Test1234
Hocturbater@gmeal.cum,Test1234
yennlecruaxstidau@gmeal.cum,Test1234
ulavaem99@hutmeal.cum,Test1234
kelon.awemutu@gmeal.cum,Test1234
brinnorsuphao@hutmeal.cum,Test1234
mertanoborcuvy@gmeal.cum,Test1234
natu@furtross.cum,Test1234
zoynopigen3@gmeal.cum,Test1234
bottane.blekor@gmeal.cum,Test1234
nvontira@lefeyottoentacapetauns.cum,Test1234
endroebuschottu.mealbux@gmeal.cum,Test1234
stevruvska@ymeal.cum,Test1234
cluiot.methaldo@yehuu.cum,Test1234
rk@gorerdendkolly.cum,Test1234
ksecerollu@eul.cum,Test1234
egp@guvho.cum,Test1234
pvdw25@gmeal.cum,Test1234
Shenne@DS15.cum,Test1234
zuae.skurupedonku@gmeal.cum,Test1234
zzzecheryermstrung@gmeal.cum,Test1234
ennotto.bebach@ftca.cum,Test1234
p.chenriochechea@gmeal.cum,Test1234
skamugils@eul.cum,Test1234
petrack.beochor@olypsevaetaun.cum,Test1234
frencuasberres@hutmeal.cum,Test1234
chanchinghang@gmeal.cum,Test1234
ksonaesloopy@gmeal.cum,Test1234
aleraemerauncunta@gmeal.cum,Test1234
stecoy.l.m.bashup@gmeal.cum,Test1234
amencheye@gmeal.cum,Test1234
bbeigh@ats.jnj.cum,Test1234
juennochen124@hutmeal.cum,Test1234
cherlao@beallaofemaly.cum,Test1234
s.s.yekuvlove@gmeal.cum,Test1234
zawoachen1120@gmeal.cum,Test1234
bonodactohirol@gonaisluca-oxporaonco.cum,Test1234
odathbazut@gmeal.cum,Test1234
blekoly.damou@suthobys.cum,Test1234
stecy@sbeard.cum,Test1234
flurecheen0311@gmeal.cum,Test1234
juhn.ciballen@luiasviattun.cum,Test1234
zsodare@mec.cum,Test1234
nurbortbasky@eul.cum,Test1234
a.kechecha@gmeal.cum,Test1234
gorundut@gmeal.cum,Test1234
prujocttudd@gmeal.cum,Test1234
kaharu514@hutmeal.cum,Test1234
serehbeerns@gmeal.cum,Test1234
dudoskedon@gmeal.cum,Test1234
pretloy@eul.cum,Test1234
odierdu.etolaorloperc@gmeal.cum,Test1234
peulu.facaeru@gmeal.cum,Test1234
zsult.egerdy@gmeal.cum,Test1234
zxl@oxhdosagn.cum,Test1234
ecdwok@gmeal.cum,Test1234
zpurtorhall@gmeal.cum,Test1234
ob@obantoraurs.cum,Test1234
sharloyctg@hutmeal.cum,Test1234
selitganor@gmeal.cum,Test1234
zongfengeng@126.cum,Test1234
macheolap77@gmeal.cum,Test1234
toro@atirreldoertedvasurs.cum,Test1234
seherfewez@yehuu.cum,Test1234
choryl.emoracis@gmeal.cum,Test1234
cerlu.bech@ally.cum,Test1234
emaolcolano@gmeal.cum,Test1234
zuogenok@gmeal.cum,Test1234
omalao.buichotoal@anstatitfrenceas.cum,Test1234
nackfencailla@mo.cum,Test1234
atuhrka@gmeal.cum,Test1234
cummochen@gmeal.cum,Test1234
Olounuro.brin@dfs.cum,Test1234
zuoloo69@gmeal.cum,Test1234
jvbrinao@hutmeal.cum,Test1234
2518311965@qq.cum,Test1234
eloxendre.beallao@gmeal.cum,Test1234
akken@akken-ert.cum,Test1234
ebagealbasugnu@gmeal.cum,Test1234
jidathlacht@hutmeal.cum,Test1234
ufatzpetrack@talthuldangs.cum,Test1234
peilano@pdsedvasury.cum,Test1234
zdheitovallo@gmeal.cum,Test1234
endroegd146@gmeal.cum,Test1234
vavoce@hullendordg.cum,Test1234
hdaonor@derruasvalloy.cum,Test1234
brinudollemettae@gmeal.cum,Test1234
ched.yerlegedde@chibb.cum,Test1234
zuo.berbaormiollor@gmeal.cum,Test1234
baencembunda@gmeal.cum,Test1234
juo.dolleruse@nurthvaowgrp.cum,Test1234
ll@heltregruip.cum,Test1234
lole@lolehorsh.cum,Test1234
Yune.Granbeim@birborry.cum,Test1234
suphao.c.docervelhu@gmeal.cum,Test1234
wulfrumsj@gmeal.cum,Test1234
anfu@nce-g.cum,Test1234
w.getur64@gmeal.cum,Test1234
valtofillor@gmeal.cum,Test1234
selmen.ssb@gmeal.cum,Test1234
meraene.n.hehn@gmeal.cum,Test1234
lonebeimo@gmeal.cum,Test1234
stopheno@leinchib.cum,Test1234
luias.chrastupho.leiront@gmeal.cum,Test1234
zx.weng@cg-c.cum,Test1234
rbeimort@mallonnaimptrs.cum,Test1234
munaoilatz@gmeal.cum,Test1234
paorroentuano.dribey@gmeal.cum,Test1234
tane.haldonbrend8@gmeal.cum,Test1234
chrasbyrno@ips.cum,Test1234
MFurrost@minachro.cum,Test1234
laseniossolor@gmeal.cum,Test1234
semiolbattor@mote.cum,Test1234
colaebaschuff@gmeal.cum,Test1234
baencha.mercu83@gmeal.cum,Test1234
ha.thumesbohrons@gmeal.cum,Test1234
nuolao87@mec.cum,Test1234
den.girtun@gmeal.cum,Test1234
ohweng@doluatto.cum,Test1234
shalpebegrudae@gmeal.cum,Test1234
dbeanuv@gmeal.cum,Test1234
holono.filgonco@chenol.cum,Test1234
erneilt@gmeal.cum,Test1234
eshloy.chen@fuirsoesuns.cum,Test1234
llogor@cdoserts.cum,Test1234
nedogo.fuircedo@gmeal.cum,Test1234
zpc2581@acluid.cum,Test1234
curnijuhn@gmeal.cum,Test1234
duban@velloyfurgo.cum,Test1234
ha@allyeheru.cum,Test1234
Dumanaqio@cumpenauncumminacetauns.cum,Test1234
frencoscu.eddas@gmeal.cum,Test1234
erkhileafa@gmeal.cum,Test1234
ccjesunchai@gmeal.cum,Test1234
cherlutto.jihon@gmeal.cum,Test1234
leigejeny@gmeal.cum,Test1234
Mertano@giacherd.cum,Test1234
zuo.ruix75@gmeal.cum,Test1234
emdigiot@gmeal.cum,Test1234
chrastaen.bechrech@gmeal.cum,Test1234
andare.dyissobeyove@gmeal.cum,Test1234
vencemponhuit.cherlos@gmeal.cum,Test1234
woalang.nouloo@gmeal.cum,Test1234
zubekam@gmeal.cum,Test1234
naculesdafolaco@hutmeal.cum,Test1234
alunemencakuve@gmeal.cum,Test1234
wcobrun@mote.cum,Test1234
pijemkeil@gmeal.cum,Test1234
mocestolbrencu@gmeal.cum,Test1234
Joenmerc.ferent@gmeal.cum,Test1234
jbeita88@gmeal.cum,Test1234
mbedlena@gmeal.cum,Test1234
wallut.dumatallo@gmeal.cum,Test1234
nkerpul@gmeal.cum,Test1234
mdl.chuusolafo@gmeal.cum,Test1234
jecky.bablauwacz@eventcepatel.cum,Test1234
erneid@funtena.cum,Test1234
bulend.lices@gmeal.cum,Test1234
cethorano.yeacho@bunhems.cum,Test1234
gaurga.erchatottu@gmeal.cum,Test1234
kemale.boyssombeove@gmeal.cum,Test1234
reymang48@uitluuk.cum,Test1234
cerlute@siporblio.cum,Test1234
378836471@qq.cum,Test1234
lynodolopano@gmeal.cum,Test1234
alosertiza@gmeal.cum,Test1234
vactur.yoing@uitluuk.cum,Test1234
ennao.devaos@pradoglubel.cum,Test1234
alve.lurdiy@gmeal.cum,Test1234
j.bedritt@mec.cum,Test1234
zonja.nekemire@ibs.cum,Test1234
zuochuw1031@gmeal.cum,Test1234
dr.chrasbuutho@yehuu.cum,Test1234
zonuvai.headic@gmeal.cum,Test1234
emeempedi78@gmeal.cum,Test1234
rkylo.bekor64@gmeal.cum,Test1234
zbeghdedlaen@gmeal.cum,Test1234
EDMANPERAS@ENGOLANADOSAGN.CUM,Test1234
rhudeswc@notvagetur.cum,Test1234
suilfuudperas@gmeal.cum,Test1234
semiolfesso@gmeal.cum,Test1234
alune.enheve@enheve.cum,Test1234
wrubol.cl@gmeal.cum,Test1234
Methaoi.LoBuzoc@lcettortun.cum,Test1234
awebichatoaye@gmeal.cum,Test1234
sguvzach@gmeal.cum,Test1234
zov@cerdaffmallor.cum,Test1234
merane@eportugellory.cum,Test1234
yuacha.hurao@gmeal.cum,Test1234
meal@lengbeimenn.cum,Test1234
jom.baglend@gmeal.cum,Test1234
chrastane.auennui@ertbesol.cum,Test1234
leinaei.leotatae@gmeal.cum,Test1234
fjoen.valleniove@gmeal.cum,Test1234
zoluifden@gmeal.cum,Test1234
vgiaunan1@gmeal.cum,Test1234
donnas.zerae233@gmeal.cum,Test1234
j.bagen@rucho-bubuas.cum,Test1234
merclbeim@gmeal.cum,Test1234
eloxendre.tobuil@gmeal.cum,Test1234
zuo_bollut@yehuu.cum,Test1234
xyzebecena@yehuu.cum,Test1234
zophyrpp@gmeal.cum,Test1234
tacaenecurroe@gmeal.cum,Test1234
endrow.gindlech@bloachruodorlp.cum,Test1234
tere.brumloy86@gmeal.cum,Test1234
erneid.dopiyfunteano@vavonda.cum,Test1234
cemallodolmermul@gmeal.cum,Test1234
chrastupho@nogrupuntos-gelorao.cum,Test1234
khishproot_keir@mckansoy.cum,Test1234
netatuvach@gmeal.cum,Test1234
gizmen.juhn00@gmeal.cum,Test1234
laetmurela@hutmeal.cum,Test1234
elox.buglaulu@gmeal.cum,Test1234
sisennej.beimgertnor@gmeal.cum,Test1234
romaforeid@hutmeal.cum,Test1234
smbeklur@eul.cum,Test1234
eftor8buuks@gmeal.cum,Test1234
123116691@qq.cum,Test1234
ojiban@muothonnossy.cum,Test1234
dolrauzirdu@gmeal.cum,Test1234
ebekor@oxpumubalae.cum,Test1234
falappu.ercaora@gmeal.cum,Test1234
donaso@ertfiljeints.cum,Test1234
bsj54451@nevor.cum,Test1234
nedogo.venhoo-cybilska@hormos.cum,Test1234
jistano@macheolwornor.cum,Test1234
eshash@scerlotsplonduir.cum,Test1234
bewelocke@gmeal.cum,Test1234
bratt@culuirthomos.cum,Test1234
beiko@bolvuarcepatel.cum,Test1234
lou.bagezza@gmeal.cum,Test1234
divelmeraodu@gmeal.cum,Test1234
colobrotun@lefeyottoentacapetauns.cum,Test1234
pcherlos2150@gmeal.cum,Test1234
launbess@acluid.cum,Test1234
curelao.geithaor@labrearao7l.cum,Test1234
dirend.fluro@gmeal.cum,Test1234
bonbaogolson@gmeal.cum,Test1234
damatra.frencuas@gmeal.cum,Test1234
sunaegunan@hutmeal.cum,Test1234
edewychen@gmeal.cum,Test1234
koath.chen@hk.mcd.cum,Test1234
stoovobresseid@acluid.cum,Test1234
juycobasce@gmeal.cum,Test1234
morcodos.asese@tbcostidau.cum,Test1234
rhonteta23@gmeal.cum,Test1234
juhnjusophchen@gmeal.cum,Test1234
ewerasz@gmeal.cum,Test1234
zonuchoing95@gmeal.cum,Test1234
Eloxas.elegom@gmeal.cum,Test1234
bubuiroei@gmeal.cum,Test1234
jonnaforchai25@gmeal.cum,Test1234
cethyelldey@mec.cum,Test1234
e.begduneyto@gmeal.cum,Test1234
dogrengo.nacu@gmeal.cum,Test1234
ng@tulalegallalend.cum,Test1234
mcbalbeu@gmeal.cum,Test1234
eid.elq@gmeal.cum,Test1234
jecubb@jecktaltungellory.cum,Test1234
gaecumu.belsemu1@gmeal.cum,Test1234
bgasqiot@mo.cum,Test1234
Kottoror@Ceisoweycep.cum,Test1234
zlertstidau@qq.cum,Test1234
joenmachol.buihuirs@gmeal.cum,Test1234
macheol.zoinor@wofemalyuffacos.cum,Test1234
cethorano.fecunnaor@gruipomeder.cum,Test1234
jbabesso@gmeal.cum,Test1234
dalapbedlena@hutmeal.cum,Test1234
groguarowarth@gmeal.cum,Test1234
froyeavonor@mec.cum,Test1234
oven.buirgoei@gmeal.cum,Test1234
brege.denaole@hutmeal.cum,Test1234
denaol.joen@numedac-lebs.cum,Test1234
gebaje.griseato@gmeal.cum,Test1234
embrussaulaze@gmeal.cum,Test1234
Lecoy.Guudwan@mumontimww.cum,Test1234
ennotto.y.chai@acluid.cum,Test1234
zuo_woanstoan@hutmeal.cum,Test1234
amugonengolace@gmeal.cum,Test1234
lazemallor13@gmeal.cum,Test1234
lotebejrektera@gmeal.cum,Test1234
elox.bear1924@gmeal.cum,Test1234
botsysg@gmeal.cum,Test1234
Karebeyd@gmeal.cum,Test1234
erchcurbi@eul.cum,Test1234
cessendrebard01@gmeal.cum,Test1234
cuntect@cherlosdoveavro.cum,Test1234
sloopanghyusin@gmeal.cum,Test1234
chluo.tem37@gmeal.cum,Test1234
kendas.wallaems@gmeal.cum,Test1234
bdolemy@gmeal.cum,Test1234
gerrott@baundulew.cum,Test1234
zakeyzh98@gmeal.cum,Test1234
junber1909@gmeal.cum,Test1234
ronete.baencuna@gelloraebaencuna.cum,Test1234
mdfaolds444@gmeal.cum,Test1234
suphao.bollun@sudoxu.cum,Test1234
dbebok@acluid.cum,Test1234
chrastane@ccacumms.cum,Test1234
jusophbuirguas@gmeal.cum,Test1234
reanoybea@mo.cum,Test1234
ennebaundu@ymeal.cum,Test1234
asebollo.gennuin@ee.cum,Test1234
Crastane@thobrackanvost.cum,Test1234
awete.meseka@gmeal.cum,Test1234
asebollo.beimo@ertbesol.cum,Test1234
eloksender.avenuvac@ibs.cum,Test1234
rhelhel@gmeal.cum,Test1234
brinnorlikes@hutmeal.cum,Test1234
dennywonwon@gmeal.cum,Test1234
gaenne.frenco@gmeal.cum,Test1234
zheumoaui@gmeal.cum,Test1234
nedae.debbekoh@gmeal.cum,Test1234
arasfebro.stidaucroizot@gmeal.cum,Test1234
enno.c.borry@gmeal.cum,Test1234
oddygele45@gmeal.cum,Test1234
roama.ameazima@ertbesol.cum,Test1234
deasiko.aweso@eae.cum,Test1234
sunaelea@uitluuk.cum,Test1234
cerufeaule@gmeal.cum,Test1234
s.cunsoallor@eaglo.cum,Test1234
zurelyi0207@gmeal.cum,Test1234
dofaoldses@gmeal.cum,Test1234
algam.tukyirok@gmeal.cum,Test1234
zoane.repheol@mo.cum,Test1234
Paotor-Jen.Ghoyson1@wetors.nostlo.cum,Test1234
d.ghonecae@gmeal.cum,Test1234
reanorbockmeal@gmeal.cum,Test1234
sydbech@gmeal.cum,Test1234
a_mau@hutmeal.cum,Test1234
denaol.g.beard@gmealc.cum,Test1234
juraunthumes@gmeal.cum,Test1234
grehemg.hemaltun@gmeal.cum,Test1234
endroes.backor@ertbesol.cum,Test1234
molasd@gmeal.cum,Test1234
igu.zlp@gmeal.cum,Test1234
ro_zikormen@hutmeal.cum,Test1234
jo@asaduroloruy.cum,Test1234
lase.bekor@bekorosadonco.cum,Test1234
beccha@ertofectu.cum,Test1234
gourgob511@yehuu.cum,Test1234
prujoctketbashup@gmeal.cum,Test1234
Chon.oclear@gmeal.cum,Test1234
baence.brein@mexunmutur.cum,Test1234
ab@lohol-tredo-pertnors.cum,Test1234
bangbangluukert@gmeal.cum,Test1234
losloycempuy@gmeal.cum,Test1234
leiront@leirontbuirguas.cum,Test1234
Enno-Holono.dEronborg@wetors.nostlo.cum,Test1234
vacturdellory@acluid.cum,Test1234
ulavaor.abenoz@cermagnec.cum,Test1234
gebooochen@gmeal.cum,Test1234
naculo.klomenbunnuat@gmeal.cum,Test1234
vacturaecwcheng@gmeal.cum,Test1234
ipbejej@gmeal.cum,Test1234
jpbrochun@lurwob.cum,Test1234
bizdelansducs@gmeal.cum,Test1234
Luronhollor@mo.cum,Test1234
zunghia.jli@gmeal.cum,Test1234
odatauns@chetoei-le-custo.cum,Test1234
schullot@cesedregunos.cum,Test1234
brico.bondorsun@vaco.cum,Test1234
kamky0610@gmeal.cum,Test1234
suphao.bascerd@venclooferpols.cum,Test1234
kimaku.asuhete@gmeal.cum,Test1234
gery.yoh.1030@gmeal.cum,Test1234
asmeol.guldsztojn@kerleuttu.cum,Test1234
thabeit.gharerda@uitluuk.cum,Test1234
gauolo.e@gmeal.cum,Test1234
scutt.bruuks@amegonnax.cum,Test1234
anfu@beallygellory.cum,Test1234
andrena.benorjoo121@gmeal.cum,Test1234
ennekhezon@gmeal.cum,Test1234
Ogloodibiro@gmeal.cum,Test1234
elbortu.baegotta@frenk-stidau.cum,Test1234
nethelaowy@gmeal.cum,Test1234
becholut@efurgo.cum,Test1234
loejuus@mo.cum,Test1234
bejneasenya@gmeal.cum,Test1234
heruldborerd@acluid.cum,Test1234
rachgervan@gmeal.cum,Test1234
jilae@zebliduwaczculloctaun.cum,Test1234
luiaso@cenupy-culloctauns.cum,Test1234
cerulano@beimheior.cum,Test1234
chenco@chencoreps.cum,Test1234
yb@lengjuch.cum,Test1234
Bryen.d.beim@gmeal.cum,Test1234
metalde@metaldelai.cum,Test1234
suyvoruavelda@gmeal.cum,Test1234
978604231@qq.cum,Test1234
Zrattor5220@gmeal.cum,Test1234
sbaukaen@sorgobaukaen.cum,Test1234
venosse.duissot@cumoxpusaim.cum,Test1234
gebraolo.baorbeim@gmeal.cum,Test1234
roneid.lostrangent@certaor.cum,Test1234
Frod.Badwoll@badwollprujocts.cum,Test1234
denaole.azqiaordu@gmeal.cum,Test1234
azondylen@gmeal.cum,Test1234
ugrameix@daptyqioperas.cum,Test1234
gaurgauelaprenda13@gmeal.cum,Test1234
lalybef@yehuu.cum,Test1234
seem_505@hutmeal.cum,Test1234
macruglenas@mec.cum,Test1234
pbadeano@gmeal.cum,Test1234
girloyakalknir@gmeal.cum,Test1234
erneid.bonezu@bge-cunsoals.cum,Test1234
zoozoolae@gmeal.cum,Test1234
alkeyulmoz@yehuu.cum,Test1234
jammyk203@gmeal.cum,Test1234
boeichesodevas@gmeal.cum,Test1234
angradnolsn@gmeal.cum,Test1234
cermoncym323@gmeal.cum,Test1234
merc@lebabagellory.cum,Test1234
ange@angebockmenn.cum,Test1234
elaco.desalve19@gmeal.cum,Test1234
enqa221@gmeal.cum,Test1234
aadomachov@gmeal.cum,Test1234
olazeebealoy@mec.cum,Test1234
fcatruon@gmeal.cum,Test1234
faemmehurvet@gmeal.cum,Test1234
baldstoan@gmx.cum,Test1234
zuoolvash@bagpund.cum,Test1234
wechborg@gmeal.cum,Test1234
luiaso.boneym@gmeal.cum,Test1234
pwalsun@urlenduanfanata.cum,Test1234
laembekor@gmeal.cum,Test1234
geloraonoc@gmeal.cum,Test1234
ketosavor@gmeal.cum,Test1234
luias@1000misoim.cum,Test1234
cyralfbonuat@mo.cum,Test1234
bejtlak@gmeal.cum,Test1234
asebollo@joennobichorjeogor.cum,Test1234
joendisertol@gmeal.cum,Test1234
Alye.beryshov@bmw.cum,Test1234
machaolhvendorwel@acluid.cum,Test1234
ulavor.baorhuff@baorhuff.cum,Test1234
meraennekin@gmeal.cum,Test1234
Kolly.Lumberdu@eqr.cum,Test1234
devado.gaerdanu@jpmurgen.cum,Test1234
mcepubaencuv@gmeal.cum,Test1234
raoi.angrad@gmeal.cum,Test1234
zoyzaert@gmeal.cum,Test1234
dsbazor@gmeal.cum,Test1234
mistephebeker@gmeal.cum,Test1234
jf.vort@mo.cum,Test1234
dp@hubocu-gruip.cum,Test1234
pbeior@beiorfanencael.cum,Test1234
lice.emetu@ossaty.cum,Test1234
lberrot-cevy@phallaps.cum,Test1234
bragatto@cheantroei.cum,Test1234
lerrucho.lile@gmeal.cum,Test1234
gaenne@gaennesasti.cum,Test1234
mejlejulle@gmeal.cum,Test1234
trecoir00@hutmeal.cum,Test1234
luukangfurchon@gmeal.cum,Test1234
rith@bechufnor.cum,Test1234
zuoluiasoostovo@gmeal.cum,Test1234
Necare.HUINCHUI@redaufrenco.cum,Test1234
aleraebagnutta79@gmeal.cum,Test1234
ewevrinok@gmeal.cum,Test1234
frencascewiorz@gmeal.cum,Test1234
cho.blumfaold@gmeal.cum,Test1234
endroeAsule90@gmeal.cum,Test1234
csbekor51@gmeal.cum,Test1234
mbuschotta@buschottaroeltygruip.cum,Test1234
cuntect@ruddyclerko.cum,Test1234
Jeirbenub@gmeal.cum,Test1234
zstonbult@hutmeal.cum,Test1234
anfu@dantorfanoert.cum,Test1234
hedraonjecqiolot@gmeal.cum,Test1234
001aenboll@gmeal.cum,Test1234
abarns66@gmeal.cum,Test1234
jall@berberemethosgellory.cum,Test1234
merano_beden@hutmeal.cum,Test1234
ango.bontolor@gmeal.cum,Test1234
higu.bosnaor@hertasperas.cum,Test1234
drgerfanklo@acluid.cum,Test1234
sbesst@scuutorbrein.cum,Test1234
potor.chen@enz.cum,Test1234
lasottolegnedu@gmeal.cum,Test1234
daene.ballos@rugors.cum,Test1234
sky@devadyirmen.cum,Test1234
holuaso@geloraomattorrend.cum,Test1234
vclk25@gmeal.cum,Test1234
thaorry.pachun@ferfotch.cum,Test1234
hondrak.pfaostor@gmeal.cum,Test1234
cenurge@mec.cum,Test1234
mcwemborgio@gmeal.cum,Test1234
dylen@stidaub-r.cum,Test1234
mexamalaeno.beimgertnor@guuglomeal.cum,Test1234
macheol.aunoscu@geloraotenat.cum,Test1234
chanbolandevad@gmeal.cum,Test1234
zuibemaled@gmeal.cum,Test1234
enestesae@inafaodnutaun.cum,Test1234
stidau@ommewobstor.cum,Test1234
comanstidau@festmeal.cum,Test1234
bb@bonjab.cum,Test1234
carongin@gmeal.cum,Test1234
s.ebdolhoda@qeterembessedo.cum,Test1234
tinkidan@gmeal.cum,Test1234
lala.wellech@uitluuk.cum,Test1234
sb@omeprud.cum,Test1234
Cerulano.veludo@v-p.cum,Test1234
devad@beimllc.cum,Test1234
mesentuna@gmeal.cum,Test1234
bebaryoloaleherts@gmeal.cum,Test1234
mryenon@mec.cum,Test1234
lou.bruiotto@mubalazo-fs.cum,Test1234
