Deeplink,Type
rooms/detail/34692/Anton-Kern-Gallery,Room
rooms/detail/34693/Helena-Anrather,Room
rooms/detail/34671/Petzel,Room
rooms/detail/34671/Petzel,Room
rooms/detail/34823/Casey-Kaplan,Room
catalog/artwork/174863,Artwork
catalog/artwork/176171,Artwork
catalog/artwork/175276,Artwork
catalog/artwork/170801,Artwork
catalog/artwork/175689,Artwork
rooms/specialsector/38202/303-Gallery,Gallery
rooms/specialsector/37706/Muholi-V,Gallery
rooms/specialsector/37612/Chair,Gallery
catalog/artwork/88715,Artwork details
catalog/artwork/86949,Artwork details
catalog/artwork/83028,Artwork details
catalog/artwork/85689,Artwork details
catalog/artwork/88054,Artwork details
catalog/artwork/88801,Artwork details
catalog/artwork/88026,Artwork details
catalog/artist/21929,Artist details
catalog/artist/8223,Artist details
catalog/artist/10571,Artist details
catalog/artist/10883,Artist details
catalog/artist/16961,Artist details
catalog/gallery/1055,Gallery Details
catalog/gallery/1124,Gallery Details
catalog/gallery/1522,Gallery Details
catalog/gallery/2003,Gallery Details
catalog/gallery/2005,Gallery Details
catalog/gallery/1538,Gallery Details
collections/share?id=4upzd4lo6jnPeIWNT9K7X1,Collection
collections/share?id=T15OcrWfh2FCVIQPRz7gv,Collection
collections/share?id=2rYDSSn4ueEQyyyz6HRCBO,Collection
collections/share?id=62fmFOUZS9oPTHa88RFeBL,Collection
collections/share?id=3U3SjaE49OzBrur8SFYJUv,Collection
events/detail/39352/New-Year-2023-event?openTime=25802,Event detail
events/detail/40302/Chamnan-Account-event?openTime=26603,Event detail
events/detail/40302/Chamnan-Account-event?openTime=26602,Event detail
events/detail/40552/Chamnan-exhibition?openTime=0,Exbhition details
events/detail/39402/Exhibition-start-of-2023?openTime=0,Exbhition details
events/detail/33356/thilo-heinzmann-playing-slowies?openTime=0,Exbhition details
